programming,math
programming,ux
programming,security
programming,pm
programming,da
programming,phy
security,ux
security,math
security,phy
pm,marketing
pm,accounting
accounting,math
bio,math
bio,da
fashion,da
ux,fashion
ux,programming
ux,security
ux,da
ux,math
ux,phy
ux,music
fashion,ux
fashion,music
fashion,da
math,fashion
music,da
programming,math
programming,math
programming,math
programming,math
programming,math
programming,math
programming,math
programming,math
programming,math
programming,math
programming,math
programming,math